dataset,seed,split_name,assignment,records
openproblems_neurips2023,1,cell_heldout,test,140
openproblems_neurips2023,1,cell_heldout,train,413
openproblems_neurips2023,1,cell_scaffold_heldout,excluded,194
openproblems_neurips2023,1,cell_scaffold_heldout,test,28
openproblems_neurips2023,1,cell_scaffold_heldout,train,331
openproblems_neurips2023,1,random,test,110
openproblems_neurips2023,1,random,train,443
openproblems_neurips2023,1,scaffold_heldout,test,110
openproblems_neurips2023,1,scaffold_heldout,train,443
openproblems_neurips2023,2,cell_heldout,test,135
openproblems_neurips2023,2,cell_heldout,train,418
openproblems_neurips2023,2,cell_scaffold_heldout,excluded,191
openproblems_neurips2023,2,cell_scaffold_heldout,test,27
openproblems_neurips2023,2,cell_scaffold_heldout,train,335
openproblems_neurips2023,2,random,test,116
openproblems_neurips2023,2,random,train,437
openproblems_neurips2023,2,scaffold_heldout,test,110
openproblems_neurips2023,2,scaffold_heldout,train,443
openproblems_neurips2023,3,cell_heldout,test,135
openproblems_neurips2023,3,cell_heldout,train,418
openproblems_neurips2023,3,cell_scaffold_heldout,excluded,191
openproblems_neurips2023,3,cell_scaffold_heldout,test,25
openproblems_neurips2023,3,cell_scaffold_heldout,train,337
openproblems_neurips2023,3,random,test,113
openproblems_neurips2023,3,random,train,440
openproblems_neurips2023,3,scaffold_heldout,test,106
openproblems_neurips2023,3,scaffold_heldout,train,447
openproblems_neurips2023,4,cell_heldout,test,140
openproblems_neurips2023,4,cell_heldout,train,413
openproblems_neurips2023,4,cell_scaffold_heldout,excluded,194
openproblems_neurips2023,4,cell_scaffold_heldout,test,28
openproblems_neurips2023,4,cell_scaffold_heldout,train,331
openproblems_neurips2023,4,random,test,96
openproblems_neurips2023,4,random,train,457
openproblems_neurips2023,4,scaffold_heldout,test,110
openproblems_neurips2023,4,scaffold_heldout,train,443
openproblems_neurips2023,5,cell_heldout,test,139
openproblems_neurips2023,5,cell_heldout,train,414
openproblems_neurips2023,5,cell_scaffold_heldout,excluded,195
openproblems_neurips2023,5,cell_scaffold_heldout,test,28
openproblems_neurips2023,5,cell_scaffold_heldout,train,330
openproblems_neurips2023,5,random,test,115
openproblems_neurips2023,5,random,train,438
openproblems_neurips2023,5,scaffold_heldout,test,112
openproblems_neurips2023,5,scaffold_heldout,train,441
openproblems_neurips2023,6,cell_heldout,test,140
openproblems_neurips2023,6,cell_heldout,train,413
openproblems_neurips2023,6,cell_scaffold_heldout,excluded,193
openproblems_neurips2023,6,cell_scaffold_heldout,test,27
openproblems_neurips2023,6,cell_scaffold_heldout,train,333
openproblems_neurips2023,6,random,test,105
openproblems_neurips2023,6,random,train,448
openproblems_neurips2023,6,scaffold_heldout,test,107
openproblems_neurips2023,6,scaffold_heldout,train,446
openproblems_neurips2023,7,cell_heldout,test,135
openproblems_neurips2023,7,cell_heldout,train,418
openproblems_neurips2023,7,cell_scaffold_heldout,excluded,190
openproblems_neurips2023,7,cell_scaffold_heldout,test,27
openproblems_neurips2023,7,cell_scaffold_heldout,train,336
openproblems_neurips2023,7,random,test,107
openproblems_neurips2023,7,random,train,446
openproblems_neurips2023,7,scaffold_heldout,test,109
openproblems_neurips2023,7,scaffold_heldout,train,444
openproblems_neurips2023,8,cell_heldout,test,135
openproblems_neurips2023,8,cell_heldout,train,418
openproblems_neurips2023,8,cell_scaffold_heldout,excluded,193
openproblems_neurips2023,8,cell_scaffold_heldout,test,29
openproblems_neurips2023,8,cell_scaffold_heldout,train,331
openproblems_neurips2023,8,random,test,106
openproblems_neurips2023,8,random,train,447
openproblems_neurips2023,8,scaffold_heldout,test,116
openproblems_neurips2023,8,scaffold_heldout,train,437
openproblems_neurips2023,9,cell_heldout,test,140
openproblems_neurips2023,9,cell_heldout,train,413
openproblems_neurips2023,9,cell_scaffold_heldout,excluded,196
openproblems_neurips2023,9,cell_scaffold_heldout,test,28
openproblems_neurips2023,9,cell_scaffold_heldout,train,329
openproblems_neurips2023,9,random,test,108
openproblems_neurips2023,9,random,train,445
openproblems_neurips2023,9,scaffold_heldout,test,112
openproblems_neurips2023,9,scaffold_heldout,train,441
openproblems_neurips2023,10,cell_heldout,test,140
openproblems_neurips2023,10,cell_heldout,train,413
openproblems_neurips2023,10,cell_scaffold_heldout,excluded,191
openproblems_neurips2023,10,cell_scaffold_heldout,test,27
openproblems_neurips2023,10,cell_scaffold_heldout,train,335
openproblems_neurips2023,10,random,test,111
openproblems_neurips2023,10,random,train,442
openproblems_neurips2023,10,scaffold_heldout,test,105
openproblems_neurips2023,10,scaffold_heldout,train,448
openproblems_neurips2023,11,cell_heldout,test,139
openproblems_neurips2023,11,cell_heldout,train,414
openproblems_neurips2023,11,cell_scaffold_heldout,excluded,192
openproblems_neurips2023,11,cell_scaffold_heldout,test,27
openproblems_neurips2023,11,cell_scaffold_heldout,train,334
openproblems_neurips2023,11,random,test,120
openproblems_neurips2023,11,random,train,433
openproblems_neurips2023,11,scaffold_heldout,test,107
openproblems_neurips2023,11,scaffold_heldout,train,446
openproblems_neurips2023,12,cell_heldout,test,139
openproblems_neurips2023,12,cell_heldout,train,414
openproblems_neurips2023,12,cell_scaffold_heldout,excluded,194
openproblems_neurips2023,12,cell_scaffold_heldout,test,27
openproblems_neurips2023,12,cell_scaffold_heldout,train,332
openproblems_neurips2023,12,random,test,121
openproblems_neurips2023,12,random,train,432
openproblems_neurips2023,12,scaffold_heldout,test,109
openproblems_neurips2023,12,scaffold_heldout,train,444
openproblems_neurips2023,13,cell_heldout,test,139
openproblems_neurips2023,13,cell_heldout,train,414
openproblems_neurips2023,13,cell_scaffold_heldout,excluded,193
openproblems_neurips2023,13,cell_scaffold_heldout,test,27
openproblems_neurips2023,13,cell_scaffold_heldout,train,333
openproblems_neurips2023,13,random,test,109
openproblems_neurips2023,13,random,train,444
openproblems_neurips2023,13,scaffold_heldout,test,108
openproblems_neurips2023,13,scaffold_heldout,train,445
openproblems_neurips2023,14,cell_heldout,test,135
openproblems_neurips2023,14,cell_heldout,train,418
openproblems_neurips2023,14,cell_scaffold_heldout,excluded,191
openproblems_neurips2023,14,cell_scaffold_heldout,test,28
openproblems_neurips2023,14,cell_scaffold_heldout,train,334
openproblems_neurips2023,14,random,test,111
openproblems_neurips2023,14,random,train,442
openproblems_neurips2023,14,scaffold_heldout,test,112
openproblems_neurips2023,14,scaffold_heldout,train,441
openproblems_neurips2023,15,cell_heldout,test,139
openproblems_neurips2023,15,cell_heldout,train,414
openproblems_neurips2023,15,cell_scaffold_heldout,excluded,192
openproblems_neurips2023,15,cell_scaffold_heldout,test,27
openproblems_neurips2023,15,cell_scaffold_heldout,train,334
openproblems_neurips2023,15,random,test,96
openproblems_neurips2023,15,random,train,457
openproblems_neurips2023,15,scaffold_heldout,test,107
openproblems_neurips2023,15,scaffold_heldout,train,446
openproblems_neurips2023,16,cell_heldout,test,139
openproblems_neurips2023,16,cell_heldout,train,414
openproblems_neurips2023,16,cell_scaffold_heldout,excluded,194
openproblems_neurips2023,16,cell_scaffold_heldout,test,28
openproblems_neurips2023,16,cell_scaffold_heldout,train,331
openproblems_neurips2023,16,random,test,113
openproblems_neurips2023,16,random,train,440
openproblems_neurips2023,16,scaffold_heldout,test,111
openproblems_neurips2023,16,scaffold_heldout,train,442
openproblems_neurips2023,17,cell_heldout,test,140
openproblems_neurips2023,17,cell_heldout,train,413
openproblems_neurips2023,17,cell_scaffold_heldout,excluded,192
openproblems_neurips2023,17,cell_scaffold_heldout,test,27
openproblems_neurips2023,17,cell_scaffold_heldout,train,334
openproblems_neurips2023,17,random,test,107
openproblems_neurips2023,17,random,train,446
openproblems_neurips2023,17,scaffold_heldout,test,106
openproblems_neurips2023,17,scaffold_heldout,train,447
openproblems_neurips2023,18,cell_heldout,test,135
openproblems_neurips2023,18,cell_heldout,train,418
openproblems_neurips2023,18,cell_scaffold_heldout,excluded,190
openproblems_neurips2023,18,cell_scaffold_heldout,test,25
openproblems_neurips2023,18,cell_scaffold_heldout,train,338
openproblems_neurips2023,18,random,test,117
openproblems_neurips2023,18,random,train,436
openproblems_neurips2023,18,scaffold_heldout,test,105
openproblems_neurips2023,18,scaffold_heldout,train,448
openproblems_neurips2023,19,cell_heldout,test,140
openproblems_neurips2023,19,cell_heldout,train,413
openproblems_neurips2023,19,cell_scaffold_heldout,excluded,191
openproblems_neurips2023,19,cell_scaffold_heldout,test,27
openproblems_neurips2023,19,cell_scaffold_heldout,train,335
openproblems_neurips2023,19,random,test,112
openproblems_neurips2023,19,random,train,441
openproblems_neurips2023,19,scaffold_heldout,test,105
openproblems_neurips2023,19,scaffold_heldout,train,448
openproblems_neurips2023,20,cell_heldout,test,139
openproblems_neurips2023,20,cell_heldout,train,414
openproblems_neurips2023,20,cell_scaffold_heldout,excluded,193
openproblems_neurips2023,20,cell_scaffold_heldout,test,27
openproblems_neurips2023,20,cell_scaffold_heldout,train,333
openproblems_neurips2023,20,random,test,108
openproblems_neurips2023,20,random,train,445
openproblems_neurips2023,20,scaffold_heldout,test,108
openproblems_neurips2023,20,scaffold_heldout,train,445
openproblems_neurips2023,21,cell_heldout,test,139
openproblems_neurips2023,21,cell_heldout,train,414
openproblems_neurips2023,21,cell_scaffold_heldout,excluded,194
openproblems_neurips2023,21,cell_scaffold_heldout,test,28
openproblems_neurips2023,21,cell_scaffold_heldout,train,331
openproblems_neurips2023,21,random,test,107
openproblems_neurips2023,21,random,train,446
openproblems_neurips2023,21,scaffold_heldout,test,111
openproblems_neurips2023,21,scaffold_heldout,train,442
openproblems_neurips2023,22,cell_heldout,test,139
openproblems_neurips2023,22,cell_heldout,train,414
openproblems_neurips2023,22,cell_scaffold_heldout,excluded,193
openproblems_neurips2023,22,cell_scaffold_heldout,test,27
openproblems_neurips2023,22,cell_scaffold_heldout,train,333
openproblems_neurips2023,22,random,test,124
openproblems_neurips2023,22,random,train,429
openproblems_neurips2023,22,scaffold_heldout,test,108
openproblems_neurips2023,22,scaffold_heldout,train,445
openproblems_neurips2023,23,cell_heldout,test,139
openproblems_neurips2023,23,cell_heldout,train,414
openproblems_neurips2023,23,cell_scaffold_heldout,excluded,192
openproblems_neurips2023,23,cell_scaffold_heldout,test,27
openproblems_neurips2023,23,cell_scaffold_heldout,train,334
openproblems_neurips2023,23,random,test,97
openproblems_neurips2023,23,random,train,456
openproblems_neurips2023,23,scaffold_heldout,test,107
openproblems_neurips2023,23,scaffold_heldout,train,446
openproblems_neurips2023,24,cell_heldout,test,140
openproblems_neurips2023,24,cell_heldout,train,413
openproblems_neurips2023,24,cell_scaffold_heldout,excluded,195
openproblems_neurips2023,24,cell_scaffold_heldout,test,28
openproblems_neurips2023,24,cell_scaffold_heldout,train,330
openproblems_neurips2023,24,random,test,101
openproblems_neurips2023,24,random,train,452
openproblems_neurips2023,24,scaffold_heldout,test,111
openproblems_neurips2023,24,scaffold_heldout,train,442
openproblems_neurips2023,25,cell_heldout,test,139
openproblems_neurips2023,25,cell_heldout,train,414
openproblems_neurips2023,25,cell_scaffold_heldout,excluded,193
openproblems_neurips2023,25,cell_scaffold_heldout,test,26
openproblems_neurips2023,25,cell_scaffold_heldout,train,334
openproblems_neurips2023,25,random,test,98
openproblems_neurips2023,25,random,train,455
openproblems_neurips2023,25,scaffold_heldout,test,106
openproblems_neurips2023,25,scaffold_heldout,train,447
openproblems_neurips2023,26,cell_heldout,test,140
openproblems_neurips2023,26,cell_heldout,train,413
openproblems_neurips2023,26,cell_scaffold_heldout,excluded,192
openproblems_neurips2023,26,cell_scaffold_heldout,test,27
openproblems_neurips2023,26,cell_scaffold_heldout,train,334
openproblems_neurips2023,26,random,test,104
openproblems_neurips2023,26,random,train,449
openproblems_neurips2023,26,scaffold_heldout,test,106
openproblems_neurips2023,26,scaffold_heldout,train,447
openproblems_neurips2023,27,cell_heldout,test,140
openproblems_neurips2023,27,cell_heldout,train,413
openproblems_neurips2023,27,cell_scaffold_heldout,excluded,192
openproblems_neurips2023,27,cell_scaffold_heldout,test,27
openproblems_neurips2023,27,cell_scaffold_heldout,train,334
openproblems_neurips2023,27,random,test,100
openproblems_neurips2023,27,random,train,453
openproblems_neurips2023,27,scaffold_heldout,test,106
openproblems_neurips2023,27,scaffold_heldout,train,447
openproblems_neurips2023,28,cell_heldout,test,139
openproblems_neurips2023,28,cell_heldout,train,414
openproblems_neurips2023,28,cell_scaffold_heldout,excluded,194
openproblems_neurips2023,28,cell_scaffold_heldout,test,26
openproblems_neurips2023,28,cell_scaffold_heldout,train,333
openproblems_neurips2023,28,random,test,106
openproblems_neurips2023,28,random,train,447
openproblems_neurips2023,28,scaffold_heldout,test,107
openproblems_neurips2023,28,scaffold_heldout,train,446
openproblems_neurips2023,29,cell_heldout,test,139
openproblems_neurips2023,29,cell_heldout,train,414
openproblems_neurips2023,29,cell_scaffold_heldout,excluded,192
openproblems_neurips2023,29,cell_scaffold_heldout,test,27
openproblems_neurips2023,29,cell_scaffold_heldout,train,334
openproblems_neurips2023,29,random,test,96
openproblems_neurips2023,29,random,train,457
openproblems_neurips2023,29,scaffold_heldout,test,107
openproblems_neurips2023,29,scaffold_heldout,train,446
openproblems_neurips2023,30,cell_heldout,test,140
openproblems_neurips2023,30,cell_heldout,train,413
openproblems_neurips2023,30,cell_scaffold_heldout,excluded,194
openproblems_neurips2023,30,cell_scaffold_heldout,test,28
openproblems_neurips2023,30,cell_scaffold_heldout,train,331
openproblems_neurips2023,30,random,test,105
openproblems_neurips2023,30,random,train,448
openproblems_neurips2023,30,scaffold_heldout,test,110
openproblems_neurips2023,30,scaffold_heldout,train,443
openproblems_neurips2023,31,cell_heldout,test,135
openproblems_neurips2023,31,cell_heldout,train,418
openproblems_neurips2023,31,cell_scaffold_heldout,excluded,192
openproblems_neurips2023,31,cell_scaffold_heldout,test,23
openproblems_neurips2023,31,cell_scaffold_heldout,train,338
openproblems_neurips2023,31,random,test,103
openproblems_neurips2023,31,random,train,450
openproblems_neurips2023,31,scaffold_heldout,test,103
openproblems_neurips2023,31,scaffold_heldout,train,450
openproblems_neurips2023,32,cell_heldout,test,139
openproblems_neurips2023,32,cell_heldout,train,414
openproblems_neurips2023,32,cell_scaffold_heldout,excluded,192
openproblems_neurips2023,32,cell_scaffold_heldout,test,27
openproblems_neurips2023,32,cell_scaffold_heldout,train,334
openproblems_neurips2023,32,random,test,115
openproblems_neurips2023,32,random,train,438
openproblems_neurips2023,32,scaffold_heldout,test,107
openproblems_neurips2023,32,scaffold_heldout,train,446
openproblems_neurips2023,33,cell_heldout,test,139
openproblems_neurips2023,33,cell_heldout,train,414
openproblems_neurips2023,33,cell_scaffold_heldout,excluded,191
openproblems_neurips2023,33,cell_scaffold_heldout,test,27
openproblems_neurips2023,33,cell_scaffold_heldout,train,335
openproblems_neurips2023,33,random,test,112
openproblems_neurips2023,33,random,train,441
openproblems_neurips2023,33,scaffold_heldout,test,106
openproblems_neurips2023,33,scaffold_heldout,train,447
openproblems_neurips2023,34,cell_heldout,test,140
openproblems_neurips2023,34,cell_heldout,train,413
openproblems_neurips2023,34,cell_scaffold_heldout,excluded,193
openproblems_neurips2023,34,cell_scaffold_heldout,test,28
openproblems_neurips2023,34,cell_scaffold_heldout,train,332
openproblems_neurips2023,34,random,test,100
openproblems_neurips2023,34,random,train,453
openproblems_neurips2023,34,scaffold_heldout,test,109
openproblems_neurips2023,34,scaffold_heldout,train,444
openproblems_neurips2023,35,cell_heldout,test,139
openproblems_neurips2023,35,cell_heldout,train,414
openproblems_neurips2023,35,cell_scaffold_heldout,excluded,192
openproblems_neurips2023,35,cell_scaffold_heldout,test,27
openproblems_neurips2023,35,cell_scaffold_heldout,train,334
openproblems_neurips2023,35,random,test,122
openproblems_neurips2023,35,random,train,431
openproblems_neurips2023,35,scaffold_heldout,test,107
openproblems_neurips2023,35,scaffold_heldout,train,446
openproblems_neurips2023,36,cell_heldout,test,135
openproblems_neurips2023,36,cell_heldout,train,418
openproblems_neurips2023,36,cell_scaffold_heldout,excluded,189
openproblems_neurips2023,36,cell_scaffold_heldout,test,26
openproblems_neurips2023,36,cell_scaffold_heldout,train,338
openproblems_neurips2023,36,random,test,105
openproblems_neurips2023,36,random,train,448
openproblems_neurips2023,36,scaffold_heldout,test,106
openproblems_neurips2023,36,scaffold_heldout,train,447
openproblems_neurips2023,37,cell_heldout,test,139
openproblems_neurips2023,37,cell_heldout,train,414
openproblems_neurips2023,37,cell_scaffold_heldout,excluded,192
openproblems_neurips2023,37,cell_scaffold_heldout,test,27
openproblems_neurips2023,37,cell_scaffold_heldout,train,334
openproblems_neurips2023,37,random,test,118
openproblems_neurips2023,37,random,train,435
openproblems_neurips2023,37,scaffold_heldout,test,107
openproblems_neurips2023,37,scaffold_heldout,train,446
openproblems_neurips2023,38,cell_heldout,test,140
openproblems_neurips2023,38,cell_heldout,train,413
openproblems_neurips2023,38,cell_scaffold_heldout,excluded,189
openproblems_neurips2023,38,cell_scaffold_heldout,test,27
openproblems_neurips2023,38,cell_scaffold_heldout,train,337
openproblems_neurips2023,38,random,test,113
openproblems_neurips2023,38,random,train,440
openproblems_neurips2023,38,scaffold_heldout,test,103
openproblems_neurips2023,38,scaffold_heldout,train,450
openproblems_neurips2023,39,cell_heldout,test,140
openproblems_neurips2023,39,cell_heldout,train,413
openproblems_neurips2023,39,cell_scaffold_heldout,excluded,191
openproblems_neurips2023,39,cell_scaffold_heldout,test,27
openproblems_neurips2023,39,cell_scaffold_heldout,train,335
openproblems_neurips2023,39,random,test,114
openproblems_neurips2023,39,random,train,439
openproblems_neurips2023,39,scaffold_heldout,test,105
openproblems_neurips2023,39,scaffold_heldout,train,448
openproblems_neurips2023,40,cell_heldout,test,140
openproblems_neurips2023,40,cell_heldout,train,413
openproblems_neurips2023,40,cell_scaffold_heldout,excluded,194
openproblems_neurips2023,40,cell_scaffold_heldout,test,27
openproblems_neurips2023,40,cell_scaffold_heldout,train,332
openproblems_neurips2023,40,random,test,110
openproblems_neurips2023,40,random,train,443
openproblems_neurips2023,40,scaffold_heldout,test,108
openproblems_neurips2023,40,scaffold_heldout,train,445
openproblems_neurips2023,41,cell_heldout,test,135
openproblems_neurips2023,41,cell_heldout,train,418
openproblems_neurips2023,41,cell_scaffold_heldout,excluded,191
openproblems_neurips2023,41,cell_scaffold_heldout,test,28
openproblems_neurips2023,41,cell_scaffold_heldout,train,334
openproblems_neurips2023,41,random,test,103
openproblems_neurips2023,41,random,train,450
openproblems_neurips2023,41,scaffold_heldout,test,112
openproblems_neurips2023,41,scaffold_heldout,train,441
openproblems_neurips2023,42,cell_heldout,test,139
openproblems_neurips2023,42,cell_heldout,train,414
openproblems_neurips2023,42,cell_scaffold_heldout,excluded,195
openproblems_neurips2023,42,cell_scaffold_heldout,test,28
openproblems_neurips2023,42,cell_scaffold_heldout,train,330
openproblems_neurips2023,42,random,test,126
openproblems_neurips2023,42,random,train,427
openproblems_neurips2023,42,scaffold_heldout,test,112
openproblems_neurips2023,42,scaffold_heldout,train,441
openproblems_neurips2023,43,cell_heldout,test,140
openproblems_neurips2023,43,cell_heldout,train,413
openproblems_neurips2023,43,cell_scaffold_heldout,excluded,193
openproblems_neurips2023,43,cell_scaffold_heldout,test,27
openproblems_neurips2023,43,cell_scaffold_heldout,train,333
openproblems_neurips2023,43,random,test,107
openproblems_neurips2023,43,random,train,446
openproblems_neurips2023,43,scaffold_heldout,test,107
openproblems_neurips2023,43,scaffold_heldout,train,446
openproblems_neurips2023,44,cell_heldout,test,139
openproblems_neurips2023,44,cell_heldout,train,414
openproblems_neurips2023,44,cell_scaffold_heldout,excluded,193
openproblems_neurips2023,44,cell_scaffold_heldout,test,28
openproblems_neurips2023,44,cell_scaffold_heldout,train,332
openproblems_neurips2023,44,random,test,118
openproblems_neurips2023,44,random,train,435
openproblems_neurips2023,44,scaffold_heldout,test,110
openproblems_neurips2023,44,scaffold_heldout,train,443
openproblems_neurips2023,45,cell_heldout,test,140
openproblems_neurips2023,45,cell_heldout,train,413
openproblems_neurips2023,45,cell_scaffold_heldout,excluded,194
openproblems_neurips2023,45,cell_scaffold_heldout,test,28
openproblems_neurips2023,45,cell_scaffold_heldout,train,331
openproblems_neurips2023,45,random,test,106
openproblems_neurips2023,45,random,train,447
openproblems_neurips2023,45,scaffold_heldout,test,110
openproblems_neurips2023,45,scaffold_heldout,train,443
openproblems_neurips2023,46,cell_heldout,test,139
openproblems_neurips2023,46,cell_heldout,train,414
openproblems_neurips2023,46,cell_scaffold_heldout,excluded,193
openproblems_neurips2023,46,cell_scaffold_heldout,test,28
openproblems_neurips2023,46,cell_scaffold_heldout,train,332
openproblems_neurips2023,46,random,test,125
openproblems_neurips2023,46,random,train,428
openproblems_neurips2023,46,scaffold_heldout,test,110
openproblems_neurips2023,46,scaffold_heldout,train,443
openproblems_neurips2023,47,cell_heldout,test,135
openproblems_neurips2023,47,cell_heldout,train,418
openproblems_neurips2023,47,cell_scaffold_heldout,excluded,189
openproblems_neurips2023,47,cell_scaffold_heldout,test,27
openproblems_neurips2023,47,cell_scaffold_heldout,train,337
openproblems_neurips2023,47,random,test,102
openproblems_neurips2023,47,random,train,451
openproblems_neurips2023,47,scaffold_heldout,test,108
openproblems_neurips2023,47,scaffold_heldout,train,445
openproblems_neurips2023,48,cell_heldout,test,135
openproblems_neurips2023,48,cell_heldout,train,418
openproblems_neurips2023,48,cell_scaffold_heldout,excluded,193
openproblems_neurips2023,48,cell_scaffold_heldout,test,26
openproblems_neurips2023,48,cell_scaffold_heldout,train,334
openproblems_neurips2023,48,random,test,118
openproblems_neurips2023,48,random,train,435
openproblems_neurips2023,48,scaffold_heldout,test,110
openproblems_neurips2023,48,scaffold_heldout,train,443
openproblems_neurips2023,49,cell_heldout,test,139
openproblems_neurips2023,49,cell_heldout,train,414
openproblems_neurips2023,49,cell_scaffold_heldout,excluded,190
openproblems_neurips2023,49,cell_scaffold_heldout,test,27
openproblems_neurips2023,49,cell_scaffold_heldout,train,336
openproblems_neurips2023,49,random,test,111
openproblems_neurips2023,49,random,train,442
openproblems_neurips2023,49,scaffold_heldout,test,105
openproblems_neurips2023,49,scaffold_heldout,train,448
openproblems_neurips2023,50,cell_heldout,test,140
openproblems_neurips2023,50,cell_heldout,train,413
openproblems_neurips2023,50,cell_scaffold_heldout,excluded,194
openproblems_neurips2023,50,cell_scaffold_heldout,test,28
openproblems_neurips2023,50,cell_scaffold_heldout,train,331
openproblems_neurips2023,50,random,test,118
openproblems_neurips2023,50,random,train,435
openproblems_neurips2023,50,scaffold_heldout,test,110
openproblems_neurips2023,50,scaffold_heldout,train,443
openproblems_neurips2023,51,cell_heldout,test,135
openproblems_neurips2023,51,cell_heldout,train,418
openproblems_neurips2023,51,cell_scaffold_heldout,excluded,191
openproblems_neurips2023,51,cell_scaffold_heldout,test,28
openproblems_neurips2023,51,cell_scaffold_heldout,train,334
openproblems_neurips2023,51,random,test,114
openproblems_neurips2023,51,random,train,439
openproblems_neurips2023,51,scaffold_heldout,test,112
openproblems_neurips2023,51,scaffold_heldout,train,441
openproblems_neurips2023,52,cell_heldout,test,139
openproblems_neurips2023,52,cell_heldout,train,414
openproblems_neurips2023,52,cell_scaffold_heldout,excluded,193
openproblems_neurips2023,52,cell_scaffold_heldout,test,28
openproblems_neurips2023,52,cell_scaffold_heldout,train,332
openproblems_neurips2023,52,random,test,113
openproblems_neurips2023,52,random,train,440
openproblems_neurips2023,52,scaffold_heldout,test,110
openproblems_neurips2023,52,scaffold_heldout,train,443
openproblems_neurips2023,53,cell_heldout,test,140
openproblems_neurips2023,53,cell_heldout,train,413
openproblems_neurips2023,53,cell_scaffold_heldout,excluded,193
openproblems_neurips2023,53,cell_scaffold_heldout,test,27
openproblems_neurips2023,53,cell_scaffold_heldout,train,333
openproblems_neurips2023,53,random,test,124
openproblems_neurips2023,53,random,train,429
openproblems_neurips2023,53,scaffold_heldout,test,107
openproblems_neurips2023,53,scaffold_heldout,train,446
openproblems_neurips2023,54,cell_heldout,test,139
openproblems_neurips2023,54,cell_heldout,train,414
openproblems_neurips2023,54,cell_scaffold_heldout,excluded,194
openproblems_neurips2023,54,cell_scaffold_heldout,test,28
openproblems_neurips2023,54,cell_scaffold_heldout,train,331
openproblems_neurips2023,54,random,test,107
openproblems_neurips2023,54,random,train,446
openproblems_neurips2023,54,scaffold_heldout,test,111
openproblems_neurips2023,54,scaffold_heldout,train,442
openproblems_neurips2023,55,cell_heldout,test,135
openproblems_neurips2023,55,cell_heldout,train,418
openproblems_neurips2023,55,cell_scaffold_heldout,excluded,191
openproblems_neurips2023,55,cell_scaffold_heldout,test,28
openproblems_neurips2023,55,cell_scaffold_heldout,train,334
openproblems_neurips2023,55,random,test,122
openproblems_neurips2023,55,random,train,431
openproblems_neurips2023,55,scaffold_heldout,test,112
openproblems_neurips2023,55,scaffold_heldout,train,441
openproblems_neurips2023,56,cell_heldout,test,135
openproblems_neurips2023,56,cell_heldout,train,418
openproblems_neurips2023,56,cell_scaffold_heldout,excluded,190
openproblems_neurips2023,56,cell_scaffold_heldout,test,28
openproblems_neurips2023,56,cell_scaffold_heldout,train,335
openproblems_neurips2023,56,random,test,95
openproblems_neurips2023,56,random,train,458
openproblems_neurips2023,56,scaffold_heldout,test,111
openproblems_neurips2023,56,scaffold_heldout,train,442
openproblems_neurips2023,57,cell_heldout,test,140
openproblems_neurips2023,57,cell_heldout,train,413
openproblems_neurips2023,57,cell_scaffold_heldout,excluded,190
openproblems_neurips2023,57,cell_scaffold_heldout,test,27
openproblems_neurips2023,57,cell_scaffold_heldout,train,336
openproblems_neurips2023,57,random,test,103
openproblems_neurips2023,57,random,train,450
openproblems_neurips2023,57,scaffold_heldout,test,104
openproblems_neurips2023,57,scaffold_heldout,train,449
openproblems_neurips2023,58,cell_heldout,test,139
openproblems_neurips2023,58,cell_heldout,train,414
openproblems_neurips2023,58,cell_scaffold_heldout,excluded,192
openproblems_neurips2023,58,cell_scaffold_heldout,test,27
openproblems_neurips2023,58,cell_scaffold_heldout,train,334
openproblems_neurips2023,58,random,test,113
openproblems_neurips2023,58,random,train,440
openproblems_neurips2023,58,scaffold_heldout,test,107
openproblems_neurips2023,58,scaffold_heldout,train,446
openproblems_neurips2023,59,cell_heldout,test,140
openproblems_neurips2023,59,cell_heldout,train,413
openproblems_neurips2023,59,cell_scaffold_heldout,excluded,193
openproblems_neurips2023,59,cell_scaffold_heldout,test,27
openproblems_neurips2023,59,cell_scaffold_heldout,train,333
openproblems_neurips2023,59,random,test,122
openproblems_neurips2023,59,random,train,431
openproblems_neurips2023,59,scaffold_heldout,test,107
openproblems_neurips2023,59,scaffold_heldout,train,446
openproblems_neurips2023,60,cell_heldout,test,140
openproblems_neurips2023,60,cell_heldout,train,413
openproblems_neurips2023,60,cell_scaffold_heldout,excluded,194
openproblems_neurips2023,60,cell_scaffold_heldout,test,27
openproblems_neurips2023,60,cell_scaffold_heldout,train,332
openproblems_neurips2023,60,random,test,113
openproblems_neurips2023,60,random,train,440
openproblems_neurips2023,60,scaffold_heldout,test,108
openproblems_neurips2023,60,scaffold_heldout,train,445
openproblems_neurips2023,61,cell_heldout,test,139
openproblems_neurips2023,61,cell_heldout,train,414
openproblems_neurips2023,61,cell_scaffold_heldout,excluded,193
openproblems_neurips2023,61,cell_scaffold_heldout,test,27
openproblems_neurips2023,61,cell_scaffold_heldout,train,333
openproblems_neurips2023,61,random,test,103
openproblems_neurips2023,61,random,train,450
openproblems_neurips2023,61,scaffold_heldout,test,108
openproblems_neurips2023,61,scaffold_heldout,train,445
openproblems_neurips2023,62,cell_heldout,test,139
openproblems_neurips2023,62,cell_heldout,train,414
openproblems_neurips2023,62,cell_scaffold_heldout,excluded,193
openproblems_neurips2023,62,cell_scaffold_heldout,test,28
openproblems_neurips2023,62,cell_scaffold_heldout,train,332
openproblems_neurips2023,62,random,test,114
openproblems_neurips2023,62,random,train,439
openproblems_neurips2023,62,scaffold_heldout,test,110
openproblems_neurips2023,62,scaffold_heldout,train,443
openproblems_neurips2023,63,cell_heldout,test,139
openproblems_neurips2023,63,cell_heldout,train,414
openproblems_neurips2023,63,cell_scaffold_heldout,excluded,194
openproblems_neurips2023,63,cell_scaffold_heldout,test,28
openproblems_neurips2023,63,cell_scaffold_heldout,train,331
openproblems_neurips2023,63,random,test,104
openproblems_neurips2023,63,random,train,449
openproblems_neurips2023,63,scaffold_heldout,test,111
openproblems_neurips2023,63,scaffold_heldout,train,442
openproblems_neurips2023,64,cell_heldout,test,140
openproblems_neurips2023,64,cell_heldout,train,413
openproblems_neurips2023,64,cell_scaffold_heldout,excluded,194
openproblems_neurips2023,64,cell_scaffold_heldout,test,28
openproblems_neurips2023,64,cell_scaffold_heldout,train,331
openproblems_neurips2023,64,random,test,111
openproblems_neurips2023,64,random,train,442
openproblems_neurips2023,64,scaffold_heldout,test,110
openproblems_neurips2023,64,scaffold_heldout,train,443
openproblems_neurips2023,65,cell_heldout,test,139
openproblems_neurips2023,65,cell_heldout,train,414
openproblems_neurips2023,65,cell_scaffold_heldout,excluded,194
openproblems_neurips2023,65,cell_scaffold_heldout,test,28
openproblems_neurips2023,65,cell_scaffold_heldout,train,331
openproblems_neurips2023,65,random,test,103
openproblems_neurips2023,65,random,train,450
openproblems_neurips2023,65,scaffold_heldout,test,111
openproblems_neurips2023,65,scaffold_heldout,train,442
openproblems_neurips2023,66,cell_heldout,test,135
openproblems_neurips2023,66,cell_heldout,train,418
openproblems_neurips2023,66,cell_scaffold_heldout,excluded,190
openproblems_neurips2023,66,cell_scaffold_heldout,test,25
openproblems_neurips2023,66,cell_scaffold_heldout,train,338
openproblems_neurips2023,66,random,test,116
openproblems_neurips2023,66,random,train,437
openproblems_neurips2023,66,scaffold_heldout,test,105
openproblems_neurips2023,66,scaffold_heldout,train,448
openproblems_neurips2023,67,cell_heldout,test,139
openproblems_neurips2023,67,cell_heldout,train,414
openproblems_neurips2023,67,cell_scaffold_heldout,excluded,190
openproblems_neurips2023,67,cell_scaffold_heldout,test,27
openproblems_neurips2023,67,cell_scaffold_heldout,train,336
openproblems_neurips2023,67,random,test,102
openproblems_neurips2023,67,random,train,451
openproblems_neurips2023,67,scaffold_heldout,test,105
openproblems_neurips2023,67,scaffold_heldout,train,448
openproblems_neurips2023,68,cell_heldout,test,139
openproblems_neurips2023,68,cell_heldout,train,414
openproblems_neurips2023,68,cell_scaffold_heldout,excluded,193
openproblems_neurips2023,68,cell_scaffold_heldout,test,27
openproblems_neurips2023,68,cell_scaffold_heldout,train,333
openproblems_neurips2023,68,random,test,116
openproblems_neurips2023,68,random,train,437
openproblems_neurips2023,68,scaffold_heldout,test,108
openproblems_neurips2023,68,scaffold_heldout,train,445
openproblems_neurips2023,69,cell_heldout,test,135
openproblems_neurips2023,69,cell_heldout,train,418
openproblems_neurips2023,69,cell_scaffold_heldout,excluded,191
openproblems_neurips2023,69,cell_scaffold_heldout,test,27
openproblems_neurips2023,69,cell_scaffold_heldout,train,335
openproblems_neurips2023,69,random,test,112
openproblems_neurips2023,69,random,train,441
openproblems_neurips2023,69,scaffold_heldout,test,110
openproblems_neurips2023,69,scaffold_heldout,train,443
openproblems_neurips2023,70,cell_heldout,test,139
openproblems_neurips2023,70,cell_heldout,train,414
openproblems_neurips2023,70,cell_scaffold_heldout,excluded,192
openproblems_neurips2023,70,cell_scaffold_heldout,test,27
openproblems_neurips2023,70,cell_scaffold_heldout,train,334
openproblems_neurips2023,70,random,test,104
openproblems_neurips2023,70,random,train,449
openproblems_neurips2023,70,scaffold_heldout,test,107
openproblems_neurips2023,70,scaffold_heldout,train,446
openproblems_neurips2023,71,cell_heldout,test,139
openproblems_neurips2023,71,cell_heldout,train,414
openproblems_neurips2023,71,cell_scaffold_heldout,excluded,192
openproblems_neurips2023,71,cell_scaffold_heldout,test,27
openproblems_neurips2023,71,cell_scaffold_heldout,train,334
openproblems_neurips2023,71,random,test,114
openproblems_neurips2023,71,random,train,439
openproblems_neurips2023,71,scaffold_heldout,test,107
openproblems_neurips2023,71,scaffold_heldout,train,446
openproblems_neurips2023,72,cell_heldout,test,135
openproblems_neurips2023,72,cell_heldout,train,418
openproblems_neurips2023,72,cell_scaffold_heldout,excluded,189
openproblems_neurips2023,72,cell_scaffold_heldout,test,27
openproblems_neurips2023,72,cell_scaffold_heldout,train,337
openproblems_neurips2023,72,random,test,113
openproblems_neurips2023,72,random,train,440
openproblems_neurips2023,72,scaffold_heldout,test,108
openproblems_neurips2023,72,scaffold_heldout,train,445
openproblems_neurips2023,73,cell_heldout,test,140
openproblems_neurips2023,73,cell_heldout,train,413
openproblems_neurips2023,73,cell_scaffold_heldout,excluded,193
openproblems_neurips2023,73,cell_scaffold_heldout,test,27
openproblems_neurips2023,73,cell_scaffold_heldout,train,333
openproblems_neurips2023,73,random,test,106
openproblems_neurips2023,73,random,train,447
openproblems_neurips2023,73,scaffold_heldout,test,107
openproblems_neurips2023,73,scaffold_heldout,train,446
openproblems_neurips2023,74,cell_heldout,test,140
openproblems_neurips2023,74,cell_heldout,train,413
openproblems_neurips2023,74,cell_scaffold_heldout,excluded,193
openproblems_neurips2023,74,cell_scaffold_heldout,test,27
openproblems_neurips2023,74,cell_scaffold_heldout,train,333
openproblems_neurips2023,74,random,test,101
openproblems_neurips2023,74,random,train,452
openproblems_neurips2023,74,scaffold_heldout,test,107
openproblems_neurips2023,74,scaffold_heldout,train,446
openproblems_neurips2023,75,cell_heldout,test,139
openproblems_neurips2023,75,cell_heldout,train,414
openproblems_neurips2023,75,cell_scaffold_heldout,excluded,192
openproblems_neurips2023,75,cell_scaffold_heldout,test,27
openproblems_neurips2023,75,cell_scaffold_heldout,train,334
openproblems_neurips2023,75,random,test,97
openproblems_neurips2023,75,random,train,456
openproblems_neurips2023,75,scaffold_heldout,test,107
openproblems_neurips2023,75,scaffold_heldout,train,446
openproblems_neurips2023,76,cell_heldout,test,139
openproblems_neurips2023,76,cell_heldout,train,414
openproblems_neurips2023,76,cell_scaffold_heldout,excluded,193
openproblems_neurips2023,76,cell_scaffold_heldout,test,27
openproblems_neurips2023,76,cell_scaffold_heldout,train,333
openproblems_neurips2023,76,random,test,120
openproblems_neurips2023,76,random,train,433
openproblems_neurips2023,76,scaffold_heldout,test,108
openproblems_neurips2023,76,scaffold_heldout,train,445
openproblems_neurips2023,77,cell_heldout,test,139
openproblems_neurips2023,77,cell_heldout,train,414
openproblems_neurips2023,77,cell_scaffold_heldout,excluded,192
openproblems_neurips2023,77,cell_scaffold_heldout,test,27
openproblems_neurips2023,77,cell_scaffold_heldout,train,334
openproblems_neurips2023,77,random,test,120
openproblems_neurips2023,77,random,train,433
openproblems_neurips2023,77,scaffold_heldout,test,107
openproblems_neurips2023,77,scaffold_heldout,train,446
openproblems_neurips2023,78,cell_heldout,test,139
openproblems_neurips2023,78,cell_heldout,train,414
openproblems_neurips2023,78,cell_scaffold_heldout,excluded,192
openproblems_neurips2023,78,cell_scaffold_heldout,test,27
openproblems_neurips2023,78,cell_scaffold_heldout,train,334
openproblems_neurips2023,78,random,test,101
openproblems_neurips2023,78,random,train,452
openproblems_neurips2023,78,scaffold_heldout,test,107
openproblems_neurips2023,78,scaffold_heldout,train,446
openproblems_neurips2023,79,cell_heldout,test,139
openproblems_neurips2023,79,cell_heldout,train,414
openproblems_neurips2023,79,cell_scaffold_heldout,excluded,192
openproblems_neurips2023,79,cell_scaffold_heldout,test,27
openproblems_neurips2023,79,cell_scaffold_heldout,train,334
openproblems_neurips2023,79,random,test,118
openproblems_neurips2023,79,random,train,435
openproblems_neurips2023,79,scaffold_heldout,test,107
openproblems_neurips2023,79,scaffold_heldout,train,446
openproblems_neurips2023,80,cell_heldout,test,139
openproblems_neurips2023,80,cell_heldout,train,414
openproblems_neurips2023,80,cell_scaffold_heldout,excluded,193
openproblems_neurips2023,80,cell_scaffold_heldout,test,28
openproblems_neurips2023,80,cell_scaffold_heldout,train,332
openproblems_neurips2023,80,random,test,100
openproblems_neurips2023,80,random,train,453
openproblems_neurips2023,80,scaffold_heldout,test,110
openproblems_neurips2023,80,scaffold_heldout,train,443
openproblems_neurips2023,81,cell_heldout,test,135
openproblems_neurips2023,81,cell_heldout,train,418
openproblems_neurips2023,81,cell_scaffold_heldout,excluded,190
openproblems_neurips2023,81,cell_scaffold_heldout,test,26
openproblems_neurips2023,81,cell_scaffold_heldout,train,337
openproblems_neurips2023,81,random,test,118
openproblems_neurips2023,81,random,train,435
openproblems_neurips2023,81,scaffold_heldout,test,107
openproblems_neurips2023,81,scaffold_heldout,train,446
openproblems_neurips2023,82,cell_heldout,test,135
openproblems_neurips2023,82,cell_heldout,train,418
openproblems_neurips2023,82,cell_scaffold_heldout,excluded,191
openproblems_neurips2023,82,cell_scaffold_heldout,test,28
openproblems_neurips2023,82,cell_scaffold_heldout,train,334
openproblems_neurips2023,82,random,test,110
openproblems_neurips2023,82,random,train,443
openproblems_neurips2023,82,scaffold_heldout,test,112
openproblems_neurips2023,82,scaffold_heldout,train,441
openproblems_neurips2023,83,cell_heldout,test,135
openproblems_neurips2023,83,cell_heldout,train,418
openproblems_neurips2023,83,cell_scaffold_heldout,excluded,193
openproblems_neurips2023,83,cell_scaffold_heldout,test,29
openproblems_neurips2023,83,cell_scaffold_heldout,train,331
openproblems_neurips2023,83,random,test,106
openproblems_neurips2023,83,random,train,447
openproblems_neurips2023,83,scaffold_heldout,test,116
openproblems_neurips2023,83,scaffold_heldout,train,437
openproblems_neurips2023,84,cell_heldout,test,139
openproblems_neurips2023,84,cell_heldout,train,414
openproblems_neurips2023,84,cell_scaffold_heldout,excluded,192
openproblems_neurips2023,84,cell_scaffold_heldout,test,27
openproblems_neurips2023,84,cell_scaffold_heldout,train,334
openproblems_neurips2023,84,random,test,100
openproblems_neurips2023,84,random,train,453
openproblems_neurips2023,84,scaffold_heldout,test,107
openproblems_neurips2023,84,scaffold_heldout,train,446
openproblems_neurips2023,85,cell_heldout,test,139
openproblems_neurips2023,85,cell_heldout,train,414
openproblems_neurips2023,85,cell_scaffold_heldout,excluded,193
openproblems_neurips2023,85,cell_scaffold_heldout,test,27
openproblems_neurips2023,85,cell_scaffold_heldout,train,333
openproblems_neurips2023,85,random,test,97
openproblems_neurips2023,85,random,train,456
openproblems_neurips2023,85,scaffold_heldout,test,108
openproblems_neurips2023,85,scaffold_heldout,train,445
openproblems_neurips2023,86,cell_heldout,test,135
openproblems_neurips2023,86,cell_heldout,train,418
openproblems_neurips2023,86,cell_scaffold_heldout,excluded,190
openproblems_neurips2023,86,cell_scaffold_heldout,test,26
openproblems_neurips2023,86,cell_scaffold_heldout,train,337
openproblems_neurips2023,86,random,test,115
openproblems_neurips2023,86,random,train,438
openproblems_neurips2023,86,scaffold_heldout,test,107
openproblems_neurips2023,86,scaffold_heldout,train,446
openproblems_neurips2023,87,cell_heldout,test,139
openproblems_neurips2023,87,cell_heldout,train,414
openproblems_neurips2023,87,cell_scaffold_heldout,excluded,192
openproblems_neurips2023,87,cell_scaffold_heldout,test,27
openproblems_neurips2023,87,cell_scaffold_heldout,train,334
openproblems_neurips2023,87,random,test,129
openproblems_neurips2023,87,random,train,424
openproblems_neurips2023,87,scaffold_heldout,test,107
openproblems_neurips2023,87,scaffold_heldout,train,446
openproblems_neurips2023,88,cell_heldout,test,139
openproblems_neurips2023,88,cell_heldout,train,414
openproblems_neurips2023,88,cell_scaffold_heldout,excluded,193
openproblems_neurips2023,88,cell_scaffold_heldout,test,27
openproblems_neurips2023,88,cell_scaffold_heldout,train,333
openproblems_neurips2023,88,random,test,124
openproblems_neurips2023,88,random,train,429
openproblems_neurips2023,88,scaffold_heldout,test,108
openproblems_neurips2023,88,scaffold_heldout,train,445
openproblems_neurips2023,89,cell_heldout,test,139
openproblems_neurips2023,89,cell_heldout,train,414
openproblems_neurips2023,89,cell_scaffold_heldout,excluded,192
openproblems_neurips2023,89,cell_scaffold_heldout,test,27
openproblems_neurips2023,89,cell_scaffold_heldout,train,334
openproblems_neurips2023,89,random,test,128
openproblems_neurips2023,89,random,train,425
openproblems_neurips2023,89,scaffold_heldout,test,107
openproblems_neurips2023,89,scaffold_heldout,train,446
openproblems_neurips2023,90,cell_heldout,test,140
openproblems_neurips2023,90,cell_heldout,train,413
openproblems_neurips2023,90,cell_scaffold_heldout,excluded,192
openproblems_neurips2023,90,cell_scaffold_heldout,test,27
openproblems_neurips2023,90,cell_scaffold_heldout,train,334
openproblems_neurips2023,90,random,test,114
openproblems_neurips2023,90,random,train,439
openproblems_neurips2023,90,scaffold_heldout,test,106
openproblems_neurips2023,90,scaffold_heldout,train,447
openproblems_neurips2023,91,cell_heldout,test,140
openproblems_neurips2023,91,cell_heldout,train,413
openproblems_neurips2023,91,cell_scaffold_heldout,excluded,193
openproblems_neurips2023,91,cell_scaffold_heldout,test,27
openproblems_neurips2023,91,cell_scaffold_heldout,train,333
openproblems_neurips2023,91,random,test,132
openproblems_neurips2023,91,random,train,421
openproblems_neurips2023,91,scaffold_heldout,test,107
openproblems_neurips2023,91,scaffold_heldout,train,446
openproblems_neurips2023,92,cell_heldout,test,140
openproblems_neurips2023,92,cell_heldout,train,413
openproblems_neurips2023,92,cell_scaffold_heldout,excluded,194
openproblems_neurips2023,92,cell_scaffold_heldout,test,27
openproblems_neurips2023,92,cell_scaffold_heldout,train,332
openproblems_neurips2023,92,random,test,103
openproblems_neurips2023,92,random,train,450
openproblems_neurips2023,92,scaffold_heldout,test,108
openproblems_neurips2023,92,scaffold_heldout,train,445
openproblems_neurips2023,93,cell_heldout,test,139
openproblems_neurips2023,93,cell_heldout,train,414
openproblems_neurips2023,93,cell_scaffold_heldout,excluded,193
openproblems_neurips2023,93,cell_scaffold_heldout,test,28
openproblems_neurips2023,93,cell_scaffold_heldout,train,332
openproblems_neurips2023,93,random,test,111
openproblems_neurips2023,93,random,train,442
openproblems_neurips2023,93,scaffold_heldout,test,110
openproblems_neurips2023,93,scaffold_heldout,train,443
openproblems_neurips2023,94,cell_heldout,test,139
openproblems_neurips2023,94,cell_heldout,train,414
openproblems_neurips2023,94,cell_scaffold_heldout,excluded,194
openproblems_neurips2023,94,cell_scaffold_heldout,test,28
openproblems_neurips2023,94,cell_scaffold_heldout,train,331
openproblems_neurips2023,94,random,test,109
openproblems_neurips2023,94,random,train,444
openproblems_neurips2023,94,scaffold_heldout,test,111
openproblems_neurips2023,94,scaffold_heldout,train,442
openproblems_neurips2023,95,cell_heldout,test,140
openproblems_neurips2023,95,cell_heldout,train,413
openproblems_neurips2023,95,cell_scaffold_heldout,excluded,193
openproblems_neurips2023,95,cell_scaffold_heldout,test,27
openproblems_neurips2023,95,cell_scaffold_heldout,train,333
openproblems_neurips2023,95,random,test,105
openproblems_neurips2023,95,random,train,448
openproblems_neurips2023,95,scaffold_heldout,test,107
openproblems_neurips2023,95,scaffold_heldout,train,446
openproblems_neurips2023,96,cell_heldout,test,135
openproblems_neurips2023,96,cell_heldout,train,418
openproblems_neurips2023,96,cell_scaffold_heldout,excluded,193
openproblems_neurips2023,96,cell_scaffold_heldout,test,29
openproblems_neurips2023,96,cell_scaffold_heldout,train,331
openproblems_neurips2023,96,random,test,111
openproblems_neurips2023,96,random,train,442
openproblems_neurips2023,96,scaffold_heldout,test,116
openproblems_neurips2023,96,scaffold_heldout,train,437
openproblems_neurips2023,97,cell_heldout,test,135
openproblems_neurips2023,97,cell_heldout,train,418
openproblems_neurips2023,97,cell_scaffold_heldout,excluded,192
openproblems_neurips2023,97,cell_scaffold_heldout,test,23
openproblems_neurips2023,97,cell_scaffold_heldout,train,338
openproblems_neurips2023,97,random,test,104
openproblems_neurips2023,97,random,train,449
openproblems_neurips2023,97,scaffold_heldout,test,103
openproblems_neurips2023,97,scaffold_heldout,train,450
openproblems_neurips2023,98,cell_heldout,test,140
openproblems_neurips2023,98,cell_heldout,train,413
openproblems_neurips2023,98,cell_scaffold_heldout,excluded,194
openproblems_neurips2023,98,cell_scaffold_heldout,test,28
openproblems_neurips2023,98,cell_scaffold_heldout,train,331
openproblems_neurips2023,98,random,test,111
openproblems_neurips2023,98,random,train,442
openproblems_neurips2023,98,scaffold_heldout,test,110
openproblems_neurips2023,98,scaffold_heldout,train,443
openproblems_neurips2023,99,cell_heldout,test,139
openproblems_neurips2023,99,cell_heldout,train,414
openproblems_neurips2023,99,cell_scaffold_heldout,excluded,192
openproblems_neurips2023,99,cell_scaffold_heldout,test,27
openproblems_neurips2023,99,cell_scaffold_heldout,train,334
openproblems_neurips2023,99,random,test,91
openproblems_neurips2023,99,random,train,462
openproblems_neurips2023,99,scaffold_heldout,test,107
openproblems_neurips2023,99,scaffold_heldout,train,446
openproblems_neurips2023,100,cell_heldout,test,135
openproblems_neurips2023,100,cell_heldout,train,418
openproblems_neurips2023,100,cell_scaffold_heldout,excluded,189
openproblems_neurips2023,100,cell_scaffold_heldout,test,27
openproblems_neurips2023,100,cell_scaffold_heldout,train,337
openproblems_neurips2023,100,random,test,93
openproblems_neurips2023,100,random,train,460
openproblems_neurips2023,100,scaffold_heldout,test,108
openproblems_neurips2023,100,scaffold_heldout,train,445
